id,name,gender,Email
1,Vivianne,Female,vdy0@home.pl
2,Lind,Male,lscatchar1@photobucket.com
3,Ame,Female,agouck2@live.com
4,Traver,Male,tbrightwell3@cornell.edu
5,Morena,Bigender,mattride4@addthis.com
6,Phaidra,Female,pbaumford5@freewebs.com
7,Neddy,Male,nswash6@sakura.ne.jp
8,Cosimo,Male,cbaudinet7@irs.gov
9,Truda,Female,tvidyapin8@fc2.com
10,Juliet,Female,jriches9@deliciousdays.com
11,Benoite,Female,beverleigha@t.co
12,Alair,Male,avaszolyb@wufoo.com
13,Carlee,Female,cgaizec@chicagotribune.com
14,Michel,Polygender,mwhiffind@abc.net.au
15,Billie,Male,blacee@who.int
16,Giacomo,Male,garblasterf@ifeng.com
17,Carlynne,Female,cbarringerg@narod.ru
18,Caspar,Male,cserrish@engadget.com
19,Ekaterina,Female,eamsbergeri@mashable.com
20,Willie,Non-binary,wgifkinsj@nytimes.com
21,Nonie,Female,npearsonk@omniture.com
22,Mason,Male,msellerl@yandex.ru
23,Mace,Male,mhellenm@hp.com
24,Shirlene,Female,sparsandn@multiply.com
25,Brooke,Male,bdransfieldo@census.gov
26,Gilberto,Genderfluid,gradbandp@tmall.com
27,Otho,Male,oblondellq@rediff.com
28,Kathlin,Female,kbowerbankr@rediff.com
29,Nissie,Female,nabrys@prlog.org
30,Carlita,Polygender,crosendalet@vimeo.com
31,Burlie,Non-binary,bweblinu@kickstarter.com
32,Lynde,Female,lturriv@tiny.cc
33,Garrard,Male,gplatfootw@bbb.org
34,Andy,Genderqueer,amorganx@scientificamerican.com
35,Georges,Male,gskeetey@amazonaws.com
36,Allin,Male,alugtonz@ask.com
37,Wyn,Male,wthurbon10@qq.com
38,Ronald,Bigender,rramos11@facebook.com
39,Gunilla,Female,gdupre12@spotify.com
40,Chev,Male,cadnett13@ameblo.jp
41,Berti,Non-binary,bwroath14@ovh.net
42,Camella,Female,cmarkushkin15@joomla.org
43,Albie,Male,aamorine16@ucoz.com
44,Loretta,Genderfluid,lvagg17@posterous.com
45,Cazzie,Genderfluid,csignoret18@360.cn
46,Brinna,Female,bends19@macromedia.com
47,Raye,Female,rmcquaid1a@paginegialle.it
48,Georgiana,Agender,gfrancescozzi1b@yale.edu
49,Susannah,Female,sshitliff1c@quantcast.com
50,Terrijo,Female,tbargh1d@reverbnation.com
51,Con,Genderqueer,cmelding1e@prlog.org
52,Althea,Female,achampain1f@slideshare.net
53,Marwin,Male,msimeon1g@columbia.edu
54,Lyon,Male,ldennerly1h@smh.com.au
55,Bram,Male,brolfe1i@gnu.org
56,Micheil,Male,mstobbs1j@pbs.org
57,Bernhard,Male,bsitwell1k@creativecommons.org
58,Owen,Male,ovint1l@freewebs.com
59,Shadow,Male,sockwell1m@reuters.com
60,Shannan,Male,ssommerled1n@posterous.com
61,Toby,Male,telcombe1o@thetimes.co.uk
62,Darleen,Female,dferby1p@reddit.com
63,Tamma,Female,tchoupin1q@statcounter.com
64,Estell,Female,esprowles1r@qq.com
65,Basil,Male,bruddle1s@multiply.com
66,Lynnet,Female,lcafferty1t@ca.gov
67,Kerry,Female,kmarsie1u@github.com
68,Brita,Female,bmetts1v@baidu.com
69,Zaccaria,Male,ztaylder1w@storify.com
70,Etienne,Male,eeyckelbeck1x@nifty.com
71,Osbourne,Male,orose1y@e-recht24.de
72,Alayne,Non-binary,aplace1z@mit.edu
73,Ker,Male,kcamble20@rambler.ru
74,Sterne,Male,smasters21@canalblog.com
75,Kendrick,Male,ksawyer22@about.com
76,Mose,Male,mmarcroft23@ameblo.jp
77,Jedd,Male,jpayley24@mlb.com
78,Constancia,Female,cgligori25@chron.com
79,Riva,Female,rmusla26@yahoo.co.jp
80,Thor,Male,troads27@china.com.cn
81,Candice,Female,cphillippo28@t-online.de
82,Burl,Male,bgreathead29@woothemes.com
83,Ted,Female,tgoodman2a@theglobeandmail.com
84,Chickie,Male,cgirodias2b@salon.com
85,Ceciley,Female,cherreran2c@alibaba.com
86,Codi,Male,ccolbeck2d@ebay.co.uk
87,Kelila,Female,kstarbeck2e@cafepress.com
88,Lisbeth,Female,laugar2f@sitemeter.com
89,Ave,Male,alovat2g@etsy.com
90,Alec,Male,amanicomb2h@quantcast.com
91,Paul,Male,plivingstone2i@hugedomains.com
92,Carlee,Female,cdooly2j@tmall.com
93,Jay,Male,jbartoszinski2k@reddit.com
94,Doy,Agender,dide2l@bing.com
95,Puff,Genderfluid,pgreenside2m@privacy.gov.au
96,Jerrine,Female,jdoumerc2n@mediafire.com
97,Randell,Male,rkillgus2o@wired.com
98,Cesya,Female,clebell2p@state.tx.us
99,Seana,Female,sedmed2q@photobucket.com
100,Kennedy,Male,khanfrey2r@oakley.com
